,name,date,reviews,stars
0,김광석 길,2021-05,대구에 간다면 무조건 김광석길 김광석을 잘 모르는 사람도 리메이크된 노래를 통해서 무조건 한번 쯤은 들어봤을테니 전 연령대에 추천할 수 있는 곳. 벽화도 있고 체험할 만한 것도 있고 버스킹도 하는 대구의 넘버원 관광지,5
1,김광석 길,2021-04,"다시는 가지 않을 장소 대구에서 김광석 거리가 유명하다고 해서 가봤는데, 김광석 노래 보다는 기계음이 지배하고 있었습니다. 평소 이쁜 가사와 부드러운 음색으로 너무 좋아한 가수인데, 그 거리는 그를위한 거리로는 전혀 느껴지지 않았습니다.",2
2,김광석 길,2019-06,"토요일 방문 12시부터 대구 라디오 방송을 현장에서 진행하고, 관객참여도 같이한다.

한국의 유명한 포크가수 김광석을 기리는 길이며, 관련 자료들도 볼 수 있다. 중앙로에서 약간 떨어져 있으나, 택시나 버스를 이용해 방문하기 편해서 많이들 찾는다.",5
3,김광석 길,2020-01,기대만큼 그렇게 좋지는 않아요. 겨울철 저녁시간에 방문해서 그런지 음식점 등만 영업 중이고 조용하네요. 식당에 손님이 별로 없어요. 잘 되는 곳만 북적이고 나머지는 거의 없는게 안타깝네요.,3
4,김광석 길,2020-01,김광석 거리를 오랜만에 들렀다. 김광석 거리를 오랜만에 들렀다. 추억을 더듬어보기에 좋았다. 오전에 들렀드니 거리를 구경하기에 좋았다. 밤에는 버스킹과 커피 한 잔 하기에 딱 좋았다.,5
5,김광석 길,2020-01,김광석 팬이라면 추천 일반적인 벽화마을입니다. 김광석 팬 분이라면 좋아하실 것 같지만 그 외에는 딱히 다른 벽화마을과 차이점이? 있다고는 못할 것 같아요. 종종 여기서 버스킹이 열리곤 하는데 그것 하나는 좋네요.,4
6,김광석 길,2019-10,"추억이 새록새록~ 김광석을 좋아하기는 하지만 그다지 깊게 생각하지 않고 살았던것 같습니다.
이번 여행에서 음악의 위대함을 느꼈어요.
내 기억 속에서 잠자고 있던 옛추억이 다시 살아나면서 한동안 행복했습니다.",4
7,김광석 길,2018-10,밤에 가면 더 화려한 김광석 거리 낮에 가면 좀 어설퍼 보이는데 밤에 가보니 젊은이들과 장사꾼들 화려한 조명으로 감정이 들떠 흥분되는 거리다. 광장에서 키타를 치고 노래를 부르는 젊은이들로 김광석씨가 살아있는 느낌이다. 그러나 장사꾼들이 너무 많아 상업적인 냄새가 난다. 좀 더 문화적인 풍경을 만들었으면 했다.,4
8,김광석 길,2019-06,"장사치들로 가득한 상업화 거리 상업화의 끝판왕

블로그에서나 보던 낭만적이고 음악이 흘러나오는 거리에서...
중국인과 한국인 관광객을 사로잡는 호객행위와 난잡한 가판대로 오염된 곳

예전의 그 멋은 전혀 없다
오로지 장사꾼과 길거리음식 불량식품 사진촬영 오락실로 도배된 거리

그저 지나가다가 한 번 들리고 말아야 할 곳...
주말이라 그런지 몰라도 정말 상상이상으로 중국인 관광객이 많았던 그런 곳..

길거리에는 오락실과 뽑기 불량식품 그리고 인생네컷이라 불리우는 즉석사진으로 도배되어있다

거리 가운데 작은 소공연장에서는 버스킹도 하고 있다",3
9,김광석 길,2018-11,"동네놀이터같은편안함 규모가 크면 피로감이 많이 쌓이는데
그렇지 않아서 더 좋다
옛추억이 새록새록 떠오르기도하고
막걸리 한잔도 생각난다
소담하고 따뜻한 거리",4
10,김광석 길,2019-04,"노래들으며 걷는 길 조금은 쌀쌀한 날씨였지만
저녁의 김광석거리는 낭만적이었어요.

버스킹도 많고
이쁜 카페덕분에 여행기분 났어요^^

길거리 쇼핑거리도 있어요",5
11,김광석 길,2019-03,부모님도 만족하는 관광코스 대구 내려가서 시간이 떠서 마땅히 갈 곳을 찾다가 방문했는데 재밌는 벽화 사진존도 많고 시장쪽에 맛집도 있어서 알찬 시간 보내다 왔어요ㅎ,4
12,김광석 길,2019-03,소소하게 볼거리 많은 곳 크지않은 공간이지만 설치물이나 벽화도 있고 소소하게 볼거리가 많습니다. 그리고 인근시장에 맛있는 족발이나 부침개 식당도 있으니 친구나 연인들과 방문하기 좋습니다.,5
13,김광석 길,2019-02,구경할개 많음 관광객들이 다니기 좋은 구경할곳이 많은 거리 상점이 아기자기하고 김광석 노래도 나오고 사진찍기도 좋은 곳이 많다 구경하기 좋음,4
14,김광석 길,2018-08,음악이 항상 흘러나와 김광석을 모르고 가더라도 운치가 있고 음악이 계속나와 즐거운곳. 길마다 버스킹 공연도 많으며 카페도 많아서 다니다 힘들면 쉴수있음,4
15,김광석 길,2019-01,김광석 노래를 흥얼거리며 가사를 음미하는 곳 김광석의 노래가 거리마다 흘러나오며 찬찬히 벽화에 그려진 노래의 가사를 음미하면 좋은 곳! 맛있는 간식들도 팔고 예쁜 카페도 있는곳! 그런데.. 골목이 너무 좁은데 사람은 많아 복닥거리는 곳ㅠ,5
16,김광석 길,2018-12,이것저것 보는 재미 일단 벽화들이나 설치된 조형물들이 많고 다양해서 눈요기거리로 좋습니다 ㅎㅎ 먹을 것도 중간중간 사먹을 수 있고 사진찍기 좋아요!,4
17,김광석 길,2018-10,"사람 많음 예전엔 아무 것도 없는 곳이었지만, 김광석다시그리기길이 된 후 벽화와 상점, 사람으로 넘쳐나고 있습니다.
골목이 짧아 가볍게 가기는 좋습니다.",3
18,김광석 길,2018-11,"산책하기 좋음 아가랑 산책하기 좋아요.
골목이 약간 좁아서 유모차 끌고는 사람 많을 때에는 약간 불편하지만 생동감있고 한번은 가볼 만 한 곳이에요.
우리나라 사람에게는 의미있지만, 외국인에게는 잘 알려지지않은 가수라... 소개할 때 애매함ㅋ 영국의 비틀즈거리랑 비슷하다고 설명해야할까...^^;",3
19,김광석 길,2018-06,"추억이 그리울때 들러보는곳! 이 노래를 따라 불렀고, 이 노래에 취해도 보고, 울어도 보고, 추억을 엮어도 봤다면 이 거리에 다른 이유를 붙이던지, 상업적이라던지, 주차하기가 너무 어렵다던지, 이런저런 별쓰런 이유랑 전혀 상관없이 90년 초에 느껴봤던 그 추억을 떠올릴거라 봅니다.",4
20,김광석 길,2018-05,거리가 길진 않지만 골목길에 아기자기 잘 꾸며 놨어요.. 사진 찍기도 좋고 구경하기도 좋아요... 너무 덥거나 추운 날은 피하세요.. 커피숍이며 악세사리 등 구경 거리 많아요.. 시장이랑도 연결되어 있어 먹거리도 많구요,5
21,김광석 길,2018-09,"대구에서 가장 가볼만한 곳 길이 길지는 안지만 그래도 아기자기하게 잘 꾸며져 있고, 주변에 가게들도 이쁘고 커피숍도 많아서 한번쯤 가보기에는 매우 괜찮은 곳입니다!!",5
22,김광석 길,2018-01,점점 나아지는 곳 처음에 홍보할때 갔을땐 정말 아무것도 없고 밥집도 애매했는데... 이젠 밥집도 많아지고.. 골목에 카페나 구경 거리도 생기고... 이걸 보기 위해 여기오는건 웃긴 소리...ㅋㅋ 그냥 대구 놀러온김에 차없이 간다면 갈만한 곳,4
23,김광석 길,2018-06,"김광석다시그리기길 길다면 길고 짧다면 짧은곳
틈틈이 구성도 좋고 라디오도 듣고 좋았어요!

수공예제품들도 많이팔고 김광석기념관까지 다녀왔어요 굿!",5
24,김광석 길,2018-05,도로둑벽에 김광석 스토리 벽 전시 김광석 노래 들으며 산책할 수 있는 그리 길지 않은 거리 블럭. 디저트가게가 많고 안쪽 블럭에 곱창 해산물 고기구이집들이 있어서 식사할 수 있다. 외지에서 오면 한번 들러볼 만한 거리명소,3
25,김광석 길,2017-08,"대구에 몇 없는 돈 안쓰며 시간을 보낼 수 있는곳입니다. 대구 놀러가는 사람들이라면 동성로 갔다가 꼭 한번쯤 가보는곳.
길이가 짧아 아쉽긴 하지면 별 생각없이 터벅터벅 걷기 좋다.
뭐 꼭 먹어야할 맛집이나 추천해줄만한 카페 같은건 없다.",3
26,김광석 길,2017-07,"대구 출신의 대표 뮤지션을 기리는 곳! 1964년 대구 대봉동에서 태어난 대표적인 뮤지션 김광석을 기념하여 그의 생가 부근에 조성한 보행자 거리. 그는 1996년 젊은 나이에 세상을 떠났지만, 짧은 활동 중에도 우리 음악계에 지대한 영향을 미쳤다. 2009년 이래 방천시장 일대를 재정비하면서 2010년 11월 보행자 거리로 등장하여 김광석의 음악세계를 사랑하는 사람들에게 큰 추억을 안겨주는 대구의 새로운 명소가 되었다. 곳곳에 김광석을 주제로 한 벽화와 동상, 조형물이 있으며 이들을 포토존으로 활용하는 한편 버스킹도 수시로 진행된다. 주위의 상가들을 둘러보는 재미까지 있는 곳!",4
27,김광석 길,2018-02,"김광석을 그리며.... 대한민국의 유명 가수, 김광석을 그리는, 기리는 길. 사람들이 김광석 노래로 버스킹도 하고 주변에 김광석에 관련된 문화관 그리고 나아가 벽화도 그려져있는 곳이다.

길이 아기자기하고 예뻐 지나가는 길 들리면 너무너무 좋을듯",4
28,김광석 길,2018-01,지나가는 길이라면 지나가는 길이라면 한번쯤 들러도 괜찮은 곳. 생각보다 많은 볼거리가 있지는 않아서 실망했다. 사진찍는 연인들이 많아 걷기에 불편 했지만 시간이 넉넉하다면 한번쯤 들러도 좋을 것 같다.,4
29,김광석 길,2018-02,"처음오는 사람들에겐 다소 색다를 수 있으며, 데이트 장소로는 최적임 서울이나 타 지방 사람들에게 구경시켜주기에 최적이라 생각하며 특히 카페들도 즐비하여(노천카페포함) 데이트 장소로도 적합함
근데 자주가면 질릴 수도 있음",4
30,대구도시철도,2019-03,신기하고 재밌기도 하고 밖을 보면서 가서 좋은데 중간에 아파트 지역 지날때 창문이 뿌옇게 되어 볼수가 없음. 사생활 보호 때문에 그런것 같은데 밤에만 빼고 낮에는 하지 않아도 될것 같은데 이점이 아쉽네요,3
31,대구도시철도,2020-01,"대구3호선 모노레일 모노레일인 3호선 탑승기.
용지역 다음역 범물역 에서 칠곡 경북대병원역 까지 왕복해봤어요.
모노레일이라 올 지상철라인으로 다닙니다.
앞과끝에 기관사옆자리에 있어서 재미있게 탈수있답니다.
지하철.기차좋아하는 아이가있으면
정말 좋아할거에요.
지하철환승도 쉽게 되어있고
아파트밀집지역 지날땐 모노레일 유리창들이 뿌옇게 프라이버시용으로 변해서 더욱 만족.",5
32,대구도시철도,2019-12,복잡하지 않아요 노선이 많지 않고 일부 역을 제외하고는 복잡하지 않은 편입니다 특히 3호선은 지상철로 운행되고 있어서 색다른 즐거움을 느낄 수 있습니다.,4
33,대구도시철도,2019-06,복잡하지 않음 서울에 비하면 매우 간단해서 편함. 그렇다고 접근성이 떨어지는 것도 아니고 대구에 지내면서 필요한 역들은 편하게 다 갈수있음.,5
34,대구도시철도,2019-06,지하철 대구 지하철은 특이하게도 토큰 이라는 전혀 친하지 않은 꽤나 생소한 교통 물건이 있다(물론 일반적으론 카드지만)참 호기심이 동하는 방식인것 같다,3
35,대구도시철도,2019-06,깨끗하고 편리 3호선까지 있으며 웬만한 관광지는 지하철로 충분히 다닐 수 있습니다. 환승도 어렵지 않은 편. 게다가 서울에 비해 깔끔합니다. 단점은 여름에 무지 더워요. (지하철 안 빼고),4
36,대구도시철도,2019-03,다양한 시설들이 많습니다. 역마다 다양한 시설들이 있어서 사람들과 만나기 좋습니다. 분수 운동 시설 상점 많습니다. 1호선이 오래된 느낌이긴 하지만 지하철 자체는 깨끗합니다.,3
37,대구도시철도,2019-02,"깨끗하고 안전해요 거의 매일 이용하는데, 정확하고 좋아요. 청결하고, 환승 시간도 정확해요. 버스와도 30분 이내 환승 되어서 편리하구요. 서서 가도 흔들림도 거의 없어요.",5
38,대구도시철도,2018-10,"깔끔 깔끔하고 쾌적하여 이용하기 좋습니다.
하지만 버스에 비해 연결성이 많이 떨어집니다.
무료 환승으로 버스와 연계하여 이용하면 좋습니다.",3
39,대구도시철도,2018-10,"대구지하철 깨끗하다.
대구지하철도 서울의 반만큼만
노선이 다양해졌으면 좋겠다.
엘레베이터도 다 있어서 캐리어끌고 가기에도 좋다.
뉴욕과 비교해보면 정말 깨끗하고 편리하다.",3
40,김광석 길,2017-12,아기자기한곳 골목형태로되어있는곳 아기자기하며 포토존이많아사진찍기좋았습니다 카페와 길거리음식도있어서 먹으며구경하기좋을듯해요,4
41,김광석 길,2017-12,"맛집 대백 프라자 갔다가 주차장 길건너면 바로 김광석 길 입니다. 백화점 갔다가 가셔서 구경하시고 뒷쪽으로
맛집도 많이 있습니다. 일식, 닭, 등등 생각보다 길은 짧습니다. ㅋ",5
42,김광석 길,2017-06,한번쯤은 가볼만한 곳 골목이 하나로 되어있습니다. 볼 것은 없지만 카페와 음식점이 많아 한번쯤은 방문해 볼 만한 장소인 것 같습니다.,4
43,김광석 길,2017-10,한번쯔음 한번쯤은 친구들이나 연인끼리 가 볼만 해요 ㅋ 주변에 카페랑 간단히 간식요기할 수 있는 가게들도 있어서 좋아요 ㅋ,3
44,김광석 길,2017-10,"이쁜 벽화, 분위기 있는 카페, 그리고 거리 고인이 된 가수 김광석을 그리워 하는 사람들을 위해 만들어진 곳이에요. 벽화는 가끔 몇 개 그림이 바뀌기도해요. 사람들이 너무 많아서 평일에 가면 덜 복잡해요. 여기에는 어릴적 먹었던 과자도 팔고, 재미있는 놀이도 있어요. 플리마켓도 열어서 구입할 아이템들도 있구요. 분위기 있는 카페도 많아서 여기저기 볼거리가 많답니다.",5
45,김광석 길,2017-11,김광석 마누라 와카노 가슴이 먹먹해지는 어릴적 추억을 소환해주는 텔레포트같은곳! 꿈을 현심로 드림컴투루를 생각하며 고고씽,5
46,김광석 길,2017-11,"괜찮아요 맛집도 카페도 모여있어서
천천히 걸으며 다니기 좋아요
겨울엔 넘 추우니 신경쓰세요
주말 추천해요",4
47,김광석 길,2017-09,"김광석 대구 1일 도시투어하면서 가본장소.
시내에 위치하고있어서 가기편했습니다.
학생들이 많네요. 김광석의노래들이 흘러나오는 박물관같은곳.",3
48,김광석 길,2017-06,"추억을 떠올리기에 좋은 곳이다. 김광석을 사랑하는 사람이라면 이곳에서 향수에 젖을 수 읺을 것이다. 그리고 스템프도 찍고, 벽화를 배경으로 사진을 찍으며 즐겁게 산책할 수 있는 곳이다.",4
49,김광석 길,2017-10,"밤거리도 좋았다. 사람이 많았다.
그런데 술 취한 것들이 담배 피우며 다녀서 불쾌했다.
김광석은 술인가?
어린이를 위해서 절제하자.",5
50,대구도시철도,2018-05,3호선 생각보다 작아요 3호선을 탑승했는데 생각보다 많이 좁습니다. 3칸 정도 되는것 같아요 그리고 무인 운행이라 조금 신기하네요 그외에는 딱히 특징이없어요,3
51,대구도시철도,2018-09,"대구 도시 철도는 짱 좋음 모든 지하철이 그렇겠지만 시간 맞춰서 제때 오고, 불결함 오물도 없고 편합니다.
중앙로역에 대구지하철화재 전시는 지나갈때마다 슬프게 되는 거 같아요.",4
52,대구도시철도,2018-02,"배차간격이 좋습니다. 에스컬레이터가 있어서 좋고
배차간격이 작아서 편하더군요.
에스컬레이터가 없는 곳도 있긴합니다.",4
53,대구도시철도,2018-02,대구의 편리한 교통시설 지하철이나 버스가 잘되어있어 여기저기 다니기 편하다. 도시철도도 그 중 하나이니 괜찮은 편. 대구역에 먹을 것도 많아 좋다,4
54,대구도시철도,2018-02,"서문시장 활성화의 일등공신 전통시장이 으례 그렇듯이 서문시장은 모든 것이 골고루 다 있고 가격조정이 가능한데다최근 몇년부터는 온누리 상품권도 쓸수있어 참 좋다. 그런데 대구에서 약 10년동안은
교통이 불편해서 서문시장 가본 것은 3~4번이나 될까 모르겠다. 그런데 도시철도 3호선이 2015년 4월말에 개통이 되면서 서문시장 바로 앞에 서는 관계로 시장이 활성화되고 우리 시민들은 물건사기가 엄청 편리해졌다. 신남이나 명덕역에서 환승하면 수성구나
동대구역, 성서도 빠른 시간안에 갈수있어 삶의 질을 충분히 높였줬다고 볼수있다. ^^",5
55,대구도시철도,2018-01,경산에서 성서까지 경산지역에서 성서 거쳐 달성군까지 이어지는 2호선으로 대구 시내의 정체 구간을 빠르고 쉽게 지나 갈 수 있습니다 반월당에서 환승하여 대고 지구 까지도 편리하게 이요할 수 있습니다,5
56,대구도시철도,2017-11,"서문시장 맛집 투어 대구 도시철도는 접근성이 아주 뛰어납니다.
특히 3호선의 경우 서문시장역을 이용해 보세요.
쇼핑과 맛집 투어에 아주 편리합니다.
내려서 장남감 가게 골목에 있는 성주식당의 낙지볶음 드셔보세요.
강추입니다.",5
57,대구도시철도,2017-12,대구 시티투어엔 편리한 도시철도 이용하기 대구는 지하철만 타고 가면 어느 곳이든 다 가볼 수 있어요. 지하철 3호선까지 완공이 되었고 3호선은 지상철이라서 대구 뷰를 구경하기에도 안성맞춤!,4
58,대구도시철도,2017-10,배차시간이 조금만 더 짧았으면... 지하철은 매번 제 시간에 잘 출발하여 약속시간에 늦지않게 이동할 수 있습니다. 배차간격이 조금만 더 짧았으면 좋겠고 지하철 막차시간 좀 늘어났으면 합니다,4
59,대구도시철도,2017-11,"학교 등하교용 2,3호선은 괜찮은데 1호선은 언제나 붐비고 시설이 조금 낙후해서 이상한 냄새가 난다. 1호선 관리에 유의해야할것같다",3
60,김광석 길,2017-09,가볍게 가기 좋은 곳입니다 대구 당일치기 여행와서 가볼만 한 곳 찾다가 김광석 거리 있길래 다녀왔습니다.거리는 많이 크진 않지만 다양한 볼거리랑 거리 미술품들 있고 주변 먹거리들 많습니다. 시장하고도 붙어있어서 저녁은 시장에서 먹었어요~한번쯤 가볼만 합니다 ㅎ,4
61,김광석 길,2017-08,"너무 기대하고 갔나 봅니다.. 엄청 유명한 길이길래, 김광석 거리에 대한 기대감을 높여서 간 탓인지..
그냥 정말 짧은 길이에요. 관광객도 사실상 많이 없고, 예술을 감상할 기회도 너무
적은것 같아요.. 더 많이 활성화 되길 빕니다.",3
62,김광석 길,2017-05,김광석거리 시장옆에 위치해 있고 거리가 길지는 않으나 김광석 노래와 모습으로 벽화가 그려져있습니다. 아기자기한 카페들과 길거리 공연하는 분들이 있어 들러보기 좋은곳,4
63,김광석 길,2017-08,맛집 길이 그리 길진 않아요. 짧다고 표현하는게 더.. 나을듯한. 하지만 노래가 노래인지라 분위기가 좋구요. 해질녘에 걸으면 굿이에용 길가에 맛집이 많아서 좋아요. 안쪽으로 들어가면 카페랑 맛집 많이 있던데요^^,4
64,김광석 길,2017-07,"요즘은 모르겠다. 돈 없는 예술가들이 모여 살던 골목을 관광지로 활성화 시킨다고 김광석 거리로 지정하였으나 돈 없는 예술가들은 쫒겨나다 싶이 했다고 들었다.
그걸로 시위도 했다고 하는데 계약 관계에 얽혀 있는 건물주들에게 먹힐리가?
땅값 오른다는데 누가 계발을 마다 하겠는가?
벽화 말고는 솔직히 볼 것도 없다, 벽화도 굳이 찾아가 봐야 할 정도의
예술성이 있는 것도 아니다.
요즘은 카페가 많이 들어섰다고 하던데 건물주만 좋은거지 머.
시간이 남아 돌때에 사진 한방 남기고 싶다면 가 보는 것도 나쁘지 않으리라.
김광석을 추억할 수 있는 젊은 세대가 얼마나 될까?
생전에는 많은 대중들에게 사랑을 받았다 하기에는
모자란 감이 있지 않나 싶은 위인이다.
죽고 나서야 전설로 이름을 남기게 되었다.
그의 노래는 내가 중년이 되고서야 가슴을 파고드는 것 같다.",3
65,김광석 길,2017-06,대구데이트코스 김광석길 대구에 인물 김광석 가수를 느낄 수 있는 곳이에요~ 맛집도많고 노래도 흘러나오는 골목입니다 😊,3
66,김광석 길,2017-06,한 번은 가볼만한... 아기와 와이프와 함께 갔었는데 뭔가 대단한게 있는건 아니고 김광석을 추억하기에 좋은 정도인것 같음.,4
67,김광석 길,2017-05,"벽화도 근사하고 이런저런 먹거리도 즐길 수 있어 좋아요 벽화도 근사하고 이런저런 먹거리도 즐길 수 있어 좋아요.
작지만 공연장도 있어 쉬어가며 음악을 들을 수도 있구요.
개성있는 음식점과 카페가 늘고 있어 또 방문하고 싶은 곳입니다.",4
68,김광석 길,2016-12,"김광석을 좋아한다면 반드시 가봐야 할 길 김광석이 살았던 방천시장 인근 골목을 여러 작가들이 그림으로 수놓은 기념길입니다. 레전드 김광석이 웃는 그림들, 안주를 내어주는 포장마차의 김광석 등.. 감성적인 벽화에서 사진을 찍기에 좋았어요. 대구여행에서 빼놓을 수 없는 관광명소입니다. :)",5
69,김광석 길,2017-04,"아! 김광석~ 대구까지 가서 김광석길을 안 보고 올 순 없지 싶어서 일부러 찾아갔는데 너무나 아련하고 골목을 아기자기하게 잘 꾸며놨더군요. 버스킹하는 가수들도 보이고 교복 입은 학생들부터 아주머니떼, 중년의 남성들까지 모두가 먼저 간 광석님을 아련히 추억하는 모습이 인상적이었습니다. 다만 길이 너무 좁고, 주차공간이 없어 불편했습니다.",4
70,대구도시철도,2017-06,"끔찍한 사고 재발 안하도록 제발 끔찍한 참사 두번다시는 안생기도록 해 주세요, 피 비린내 서린 천추의 한이되는 이곳...온갖 잡신들이 버글버글.",5
71,대구도시철도,2017-11,"인상적인 3호선 1,2호선은 서울지하철과 별반 다를바 없으나, 지상으로만 다니는 3호선은 우리나라에서 처음 타보는 교통수단 이었음.
3개노선으로 대구 지역을 대략 커버가능한듯..",3
72,대구도시철도,2017-10,혼잡하지않는 그리고 혁신적인 무인으로 운영되는 지상철 3호선은 새로운 볼거리를 제공해주며 대중교통의 역활을 톡톡히 해내고 있습니다. 단 중심상업지역을 살짝 비켜가는게 아쉽네요.,4
73,대구도시철도,2017-07,"혁신을 이끌어가는 도시철도! 1974년 서울에 첫 지하철이 개통된 데 이어, 1985년 부산에 2번째 지하철이 개통된 이후 1997년 국내 3번째로 지하철이 개통된 곳이 대구다. 현재는 지상운영 시스템이 늘어나면서 2008년부터 '지하'를 강조하는 '지하철' 대신 '도시철도'라는 용어를 사용 중이며, 실제 2015년 개통된 3호선은 전 구간이 지하를 전혀 포함하지 않는 고가로 되어 있다. 1991년 1호선을 착공한 이래 1995년 상인동 가스폭발 사고의 어려움을 딛고 1997년 11월 첫 개통이 이루어진 후 1998년 5월 남서와 북동을 잇는 형태를 갖추게 되었지만 2003년 2월 중앙로역 방화사건은 큰 충격이 된 바 있다. 복구공사 후 2005년 동서 노선인 2호선, 2015년 모노레일 형식의 3호선을 개통하며 단시간에 교통의 혁신을 이루었다. 주요 장소 대부분을 3개의 노선으로 쉽게 찾을 수 있지만 도시의 규모로 평일에도 자정 전에 끊기는 점을 유의. 특히 3호선은 국내 최초의 도시철도형 모노레일로, 무인운전으로 시내를 고가에서 통과하므로 앞쪽까지 열려 있어 도시를 높은 곳에서 보는 특별한 즐거움이 있다.",4
74,대구도시철도,2017-07,대중교통으로서 역할을 참 잘 하는거 같아요 서울과 비교하면 도시 규모가 작아서 그렇기는 하지만 3개 노선으로 대구시내 주요 장소는 거의 다 갈 수 있어서 정말 편리합니다.,5
75,대구도시철도,2017-06,"덥다~~~ 6월19일 최고 더운 날 35도가 되었는데, 역사 문은 다 열려 있고, 에어콘은 안 돌아가는 것 같다. 공사 때문에 그런건지, 공무원 법을 지키다 보니 날짜가 안 되어서 그런건지 확인해보지는 못했다. 7월에는 이렇지 않을 것으로 예상이 되지만....",4
76,대구도시철도,2017-03,"서울에서는 보지못한 풍경 3호선이 모노레일처럼 되어 있어서, 서울에선 보지 못한 풍경을 보는 재미가 있었습니다. 탁 틔인 유리창으로 대구 도시 풍경을 보며 달리는 것이 신기하기도 했어요.",5
77,대구도시철도,2017-03,"3호선 지상철은 타볼만 합니다. 좁은 느낌이 드는 1,2호선과 달리 3호선은 지상철이라 시내 풍경을 보면서 이동이 가능한점이 가장 매력적이었습니다.",4
78,대구도시철도,2017-03,"대구도시철도 2017년을 기준으로 성인 교통카드 1,100원, 현금 1,200을 지불하면 이용할 수 있고, 환승이나 거리에 따른 추가 비용이 발생하진 않는다.
1, 2호선은 지하철이고 3호선은 지상철로 운영되고 있다.
1호선 중앙로역, 1~2호선 반월당역이 중심가이며, 교통은 1호선 동대구역이 중심지이다.
3호선의 수성못 역이 나들이에 괜찮은 곳이다.",4
79,대구도시철도,2017-03,"이용하기 편하고, 특히 3호선은 강추! 대구 도시철도 3호선(大邱 都市鐵道 3號線)은 대한민국 대구광역시 북구 동호동의 칠곡경대병원역과 대구광역시 수성구 범물동의 용지역을 잇는 노선입니다. 역 구내에서 주로 노란색으로 표기되는 노선인데, 참 익사이팅하고 흥미로운 노선입니다.
배차 간격은 평시에는 7분, 출퇴근시간 대에는 5분정도 인데, 이용함에 불편함이 거의? 없어서 참 좋아요. 또한, 운행시간은 매일 오전 5시 30분에 운행을 시작하여 자정 전후로 운행을 종료한다고 하니, 참고하세요.",4
80,김광석 길,2017-04,여유 커피 그리고 버스킹 일요일 아침에 방문 했는데 버스킹 하는 분들이 아름다운 노래도 들려주고 카페랑 거리도 예쁘고 너무 좋았어요.,5
81,김광석 길,2017-03,의외로 아기자기함이 돋보인 길 개인적으로는 체코의 존 레논 거리나 벽 보다 훌륭한 듯.. 기대를 너무 안하고 가서인가.. 가수의 음악도 멋지고 먹거리도 많고.. 아기자기하고 특색있는 가게들이 많아 좋았다,4
82,김광석 길,2016-07,김광석 노래를 무한반복해서 들을 수 있는 곳 김광석이 대구분이라는게 자랑스럽게 이 골목에 가면 김광석의 노래를 무한반복으로 들을 수 있다 아기자기한 까페도 많고 김광석의 짧은 인생을 조금이나마 엿볼 수 있게 되어있다 그의 노래를 조금만 더 빨리 알았더라면 너무 아쉽다,5
83,김광석 길,2017-02,"데이트하기엔 너무 좋은 곳이에요 생각만큼 운치가 있지는 않았네요, 예쁜 풍경을 번잡스러운 광고를 하는 길거리 음식과, 거리에 어울리지 않는 가게들이 점령했어요. 김광석 거리만의 분위기를 상상하며 왔는데, 벽화와 길거리 공연을 빼면 일반 번화가와 다를게 없었네요.",3
84,김광석 길,2017-01,"'만들어진' 장소라는 느낌이 너무 강해서 별로.. 김광석을 추모하고자 만들어진 테마 거리라는 건 알겠지만, 오히려 벽화에 그려진 캐리커쳐나 4컷 만화 등이 상권 살리기를 위해 의도적으로 만들어진 거리라는 생각이 너무 강하게 들었다. 추억을 위한 음악가의 거리라고 보기엔 음악보다는 인테리어가 잘 된 카페가 오히려 많았던 이상한 곳.",2
85,김광석 길,2017-01,"흥미로운 가족이라거나 칭구들과 가기 좋고, 쓰러져가던 시장 한귀퉁이가 살아나는 냄새를 옅볼 수 있는.... 광속이야 뭔 제가 있겠어요. 5살인가 철모를 때 있다갔다 하니, 살은 사람이 살만한 동네가 된다면 광석이는 좋아할겁니더.",4
86,김광석 길,2016-02,"김광석을 다시 생각하는 거리 중구에 있기도 하고 숙박을 여기 근처로 해서 방문했습니다. 김광석 다시 생각할 수 있었습니다. 김광석을 관련한 그림, 전시도 볼 수 있었습니다. 김광석 노래도 들을 수 있었구요. 공방도 있으니 특별한 추억을 만들 수 있을 듯합니다.",4
87,김광석 길,2016-11,"맛집과 이쁜 커피샵이 많습니다. 맛집과 이쁜 커피샵이 많습니다.
주말에는 중국관광객과 한국관광객이 뒤섞여 매우 복잡합니다.
주중에 방문하세요.
맛집이 많습니다.",4
88,김광석 길,2016-07,"놀러오세요! 김광석님을 그리워하게되는 길입니다!
벽화들도 있어서 사진찍기도 좋은 곳입니다
맛집도 있구요",4
89,김광석 길,2016-10,아트토이 커스터마이즈전에 다녀왔어요 늘 가깝기에 자주 가는 김광석거리입니다. 지하철3호선 대봉교역에서 내리면 편리하게 갈수 있구요 주차는 자리가 없으니 대중교통이 훨씬 낫습니다. 김광석과 관련된 여러 사진 그림 노래등을 들을수 있고 피규어 전시회도 있었어요,5
90,대구도시철도,2016-08,"쇼핑과 휴식을 하나로~ 예전에는 쇼핑을 위한 공간이였던 곳을 요즘에는 여러 빌딩과 식당과 지하철을 연결하는 복합 매장으로 사용할수 있도록 되어 있어 쇼핑과 쉼터, 그리고, 식사까지 가능한 장소가 되었다~",5
91,대구도시철도,2016-07,"사람이 너무 많아요 복잡하고 정신없어요 ㅠ
다만 지하에 소소한 옷가게나 음식점이 좋고
더울때나 비올때 이동하기편리합니다",3
92,대구도시철도,2016-04,대구 중심가역 반월당역과 함께 사람들이 많이 내리는 대구의 중심역이며 1호선입니다. 극장 및 대구백화점으로의 접근하기위한 최적이 장소인 역임.,3
93,대구도시철도,2016-02,"대구의 중심 중앙로역! 대구 지하철 1호선
중앙로역입니다~ ㅎㅎㅎ
나가는 출구가 많아 헷갈리긴 하지만 복작복작한 대구를 느끼기 좋은곳이기도 합니다~!",4
94,대구도시철도,2016-01,"지하철의 발달로 대구의 교통요충지로 변한곳 과거에도 번화한 곳이었지만 지금은 지하철이 개통되면서
유동인구가 더 많이 늘어난 곳이다.
이곳에서 쉽게 외곽으로 나가는 지하철,버스 편등을 이용할수 있고
동성로 번화가가 바로옆이라 먹고 즐기고 이동하기 좋은 곳이다.",3
95,대구도시철도,2016-02,중앙로역에서 할 수 있는건 쇼핑뿐 젊은이들이 대구에 오면 사실 할 수 있는게 거의 전무하다. 대구 중앙로는 서울 명동의 축소판인데 타지인들에게 메리트가 없다,3
96,대구도시철도,2015-03,"도심지 너무 복잡한 장소이지만 환승을 위해서는 거쳐야 되는 곳입니다.
서울 지하철보다는 덜 복잡합니다.",3
97,대구도시철도,2015-08,리모델링이 시급 깔끔하지 않고 리모델링이 시급해보입니다. 위치는 중요한 곳에 위치하나 반월당역과 너무 차이가 많이 납니다.,2
98,대구도시철도,2015-08,대구 시내 중심역 대구 시내의 중심 역 중 하나입니다. 대구의 여행지 및 맛집에 가려면 이 역을 지나치거나 이 역에서 내려서 가야 합니다.,3
99,대구도시철도,2015-09,대구중심상권지하철 대구 중심가 지하철역. 지하상가로 이어져 동성로로 갈수있는곳입니다. 지하상가에서 롯데영플. 교보문고등으로 이어집니다,4
100,김광석 길,2016-06,걸어다니면서 구경하기 좋은 거리 김광석의 노래가 흘러나오고 다양한 컨셉의 벽화들 그리고 작은 상점들이 인상적이었습니다. 시간이 잘맞아서 야외공연장에서의 공연도 볼 수 있었습니다. 큰 기대없이 그냥 걸어다니면서 시간을 보내고 싶을때 가지 좋은 곳입니다.,4
101,김광석 길,2016-09,사진찍기 좋습니다. 골목이 긴편은 아니지만 주위에 볼 거리들이 많았고 김광석을 벽화로 그려둔 곳들이 많아서 사진을 많이 찍었습니다. 색채가 알록달록 굳!!!,5
102,김광석 길,2015-10,대구백화점 작은길 대구백화점 옆에 작은 골목길에 김광석 길이 있습니다. 걸어다니면서 작은 상점들을 구경하기도 좋구요. 예전에는 시장이었는데 시장이 죽으면서 에술가들이 많이 들어왔는데 요즘은 세가 비싸져서 그런지 그마저도 없어져서 슬프네요. 오래오래갔으면 합니다.,4
103,김광석 길,2016-08,콘서트 꼭 보세욥! 거리랑 벽화 구경하는 것도 좋았지만 김광석 홀로그램 콘서트는 꼭 보세요!! 입장료 없고 유명한 노래 세곡정도로 이루어진 미니콘서트에요! 홀로그램이라고해서 별 기대를 안했는데 퀄리티도 좋고 정말 감동적이었어요. 많이들 몰라서 안가시는 건지 사람 별로 없었는데 널리 알려졌으면 좋겠네요😍,5
104,김광석 길,2016-08,거리에 퍼지는 김광석님 노래~ 길을 따라 걸으면 벽면엔 김광석님을 그린 그림들과 사진찍을수있는 조형물들이 있고 차분히 앉아서 즐길 수있는 카페도 있어요~ 더운날이었지만 사람도 꽤 있었고 거리에 퍼지는 김광석님 노래가 이 거리를 더 아름답게 했습니다~,5
105,김광석 길,2016-08,사람이 너무 많아요 좀 조용히 걸어다니고 싶었는데 길은 예쁘지만 그만큼 입소문도 많이 탄 곳이어서 그런지 좁은 골목에 사람이 바글바글합니다. 카페도 많아서 중간에 쉴 수도 있고 사진 찍을 곳도 많은데 사람 많은 건 어쩔 수가 없네요ㅠ,3
106,김광석 길,2016-08,"김광석을 좋아하는 분이라면 김광석 음악도 계속 흘러나오고
벽화 그림도 많아서 기억을 되살리기 좋네요.
길을 따라 카페와 음식점들도 있어서 한번쯤 다녀오기 좋습니다.",4
107,김광석 길,2015-12,"예전보다 훨씬 깔끔하고 볼거리도 늘었어요 예전에는 거리도 짧은데다 냄새도 많이나고 지저분했는데
요즈음 카페나 식당이 많이 들어서있어 볼거리도 많고 좋아요
그 옆에 시장 안 쪽으로 들어가면 더 식당이나 카페들이 더 많이 있으니 찾아가는 재미도 있어요.",4
108,김광석 길,2016-04,"예전의 그 느낌 드대로~ 신천을 사이에 두고 방천시장을 접하고 있는 깁광석길~
젊은 예술인들이 모여서 조성한 길이 명소가 되어 현재는 식당과 전시회장, 찻집등이 몰려 있어 사람들이 붐비는 명소가 되었다.",5
109,김광석 길,2016-03,타지 사람이 더 많은 명소 벽화도 많고 노래도 잔잔히 흘러나오고 이색적인 상점도 있어서 한번쯤 가기에는 좋습니다. 대구사람보다는 다른지역 사람들이 더 많은 곳이기도합니다.,5
110,대구도시철도,2015-08,"대구의 중심지 대구의 중심지 입니다. 동성로와 연결되어 있어요. 근처에 CGV대구, 아카데미, 한일 등 CGV극장이 밀집되어 있고 다양한 맛집도 있어요.
그리고, 중앙로는 대중교통지구라 버스만 다니기 때문에 길도 안막혀요.",4
111,대구도시철도,2015-02,동성로에서 가장 가까운 역. 대구 지하철 중앙로역은 대구의 동성로와 가장 가까운 지하철 역입니다. 또 지하상가와 바로 연결되어 있어서 더운 여름에 지하로 다닐 수 있어서 좋았습니다.,3
112,대구도시철도,2015-08,복잡한 도심속의 복잡한 지하철 환승역이 아니지만 도심 주변이라 복잡한 편입니다. 대구백화점이나 구한일극장이었던 cgv에 방문하기에 적합한 곳입니다.,3
113,대구도시철도,2014-10,"대구 지하철의 중심 중앙로역은 대구 도심에 위치한 역으로 대구의 최고 번화가인 동성로와 연결되어 있습니다.
중앙로역에서 동성로쪽으로 가면 대구백화점이 위치한 대구 최고의 번화가가 나오고
대구역쪽으로 걸어가면 교동시장, 귀금속시장이 있는 곳이 나옵니다.
중앙로역은 지하상가도 잘 되어 있어서 구경하면서 걷는 재미가 솔솔합니다.
교보문고랑도 연결되어 있구요.
중앙로역은 2003년 대구지하철 참사가 일어났던 아픈 기억이 있는 역이기도합니다.",4
114,대구도시철도,2019-01,"모노레일을 사용하는 사람들은 거리를 볼 수 있습니다. 대구시는 3 개의 지하철 노선 (빨강, 초록, 노랑)이 있습니다. 엄격히 두 줄은 지하철이고 다른 하나는 지상에 높게 설치된 모노레일입니다. 따라서 모노레일을 이용하는 사람들은 거리를 볼 수 있습니다. 그들은 한국의 다른 도시의 모든 지하철 노선처럼 깨끗하고 시간을 잘 지키고 있습니다.",3
115,대구도시철도,2019-11,돌아 다니는 크고 쉬운 방법 나는 대구에 머무는 동안 버스와 지하철 시스템을 많이 사용했습니다. 버스가 가까워 지지만 지하철이 훨씬 편합니다. 독특한 경험을 위해 노란색 선 # 3을 사용해보십시오. 지상 모노레일 위입니다. 훌륭한 쇼핑 지역은 1 또는 2 라인 (녹색 및 빨간색)의 반월당 정류장이었습니다. 머무는 동안 여러 도시를 여행하고 T- 머니 카드를 사용했습니다. 대 구역에서는 카드를 충전 할 수 없지만 7-11시에 카드를 충전 할 수 있습니다.,5
116,대구도시철도,2019-11,"대구 메트로 아주 좋고, 여행하기 좋은 도시를 내려다보고, 지하철은 깨끗하고 시간을 잘 지키고 다시 추천하고 사용합니다",4
117,대구도시철도,2019-10,사용하기 쉬운 한국의 모든 도시와 마찬가지로 지하철도 여기에서 사용하기 쉽습니다. 지침은 Englsh에 있으며 지역 사람들은 길을 잃었을 때 기꺼이 도와드립니다. 다른 한편으로 우리는 젊은 한국인들이 노인들을위한 자리를 포기하지 않았다는 것을 알았습니다. 우리는 젊지는 않지만 필요할 때 서있을 수없는 사람들에게 자리를 주었다. .,4
118,대구도시철도,2019-10,혼잡하지만 사용하기 쉬운 아시아와 한국의 대부분의 경우와 마찬가지로 특히 지하철이 혼잡합니다. 비교적 깨끗하고 영어와 한글로 된 표지판이 많이 있습니다. 기동하기 쉬우 며 대구에서 여러 번 달리기를한다면 택시를 이용하는 것이 좋습니다.,4
119,김광석 길,2016-07,"산뜻하고 젊음의 기운이 느껴져요 새로운 분위기의 카페도 많고, 음식점도 좋아요. 주로 저렴한 음식점이 많고, 젊음의 분위기가 참 좋습니다.",3
120,김광석 길,2016-05,꼭 가보세요 짧은 골목길이지만 김광석의 추억이 느껴집니다. 맛있는 것도 중간중간 많아서 지루하지 않아요 ㅎ,4
121,김광석 길,2016-02,김광석의 음악과 함께 하는 길 김광석의 음악을 아는 사람이라면 길을 걷는 것만으로도 그의 감성을 느낄 수 있습니다. 최근 골목 곳곳에 새로운 상점들도 많이 생겨서 볼거리가 많습니다.,4
122,김광석 길,2016-05,소박한 추억의 어우러짐 잘어우러진 소박한 골목이다. 전체적 테마와 추억이 마치 그 옛날로 데려가주는 곳으로 강변과 시네 중심과의 거리도 가까워 대구를 간다면 꼭 추천한다,4
123,김광석 길,2016-05,"브런치해결! 예쁜 카페가 있어서 너무 좋았습니다. 브런치도 먹고! 사람들이 오전이어도 많더라구요. 한가할 때 가보고싶네요~
김광석거리 기대안하고 갔는데 좋았습니다.",5
124,김광석 길,2016-03,너무 상업화가 급속히 진행되고 있음 예전엔 사람이 그렇게 많지 않고 조그만한 거리였으나 유명세를 타며 급속히 수많은 건물 공사가 진행되며 많은 커피샵 및 잡다한 물건을 파는 가게들이 생기고 있음. 상업화가 진행되며 예전보다 못하다는 느낌이 들어요.,3
125,김광석 길,2016-02,여자친구랑오면 진짜좋을듯 분위기도 좋고 김광석거리에 있는 이쁜카페도 많아서 커피한잔하고 좀 걸어서 대구시내를 구경할수있어서 좋음,4
126,김광석 길,2015-05,"볼 것 없는 대구에 그래도 데이트 코스 대구에서 모두들 데이트 코스에 목 말라있을텐데 그나마 가볼만합니다.
잠깐 길 둘러보고 사진 찍고 군것질 하시면 될 것 같습니다.
2시간 이상 있을만한 곳은 안됩니다.",4
127,김광석 길,2015-12,"김광석을 좋아하는 분이라면 반드시 와야할 곳. 시내에 위치해 있어서 무엇보다 찾아가기가 쉽습니다. 김광석에 대한 많은 것을 알려주는 만큼, 김광석의 음악을 들은 세대라면 다시한번 그 때의 추억을 회상하실 수 있을 것 같네요. 또한 여러 아기자기한 가게들도 있어서 기념품을 구매하기에도 좋은 것 같습니다.",5
128,김광석 길,2015-02,한번쯤 들러봐도 될듯 엄청 기대를 하고 시내에서 걸어서 찾아간곳. 벽화거리랑 비슷한데 계속해서 들려오는 김광석 노래가 좋음. 노래를 사랑하시는 분이라면 가도 될것 같아요. 길이는 200미터 정도 되는것 같은데 소소하게 가게가 조금 있어요. 옛날 문방구 같은 곳에서 불량식품도 사먹고. 특화된 가게가 많진 않아요. 오히려 상업화가 덜 됫으면 하는 곳이기도..ㅎㅎ,4
129,대구도시철도,2019-10,"빠르고 효율적인 탐색하기가 쉽고, 사방에 표지판과지도가 있습니다 (한국어를 읽을 수 있지만 영어도 있으면 도움이됩니다). 두 명의 미국인이 대구를 여행 할 때 우리는 ???? 그러나 아무도 무례하지 않았습니다. 돌아 다니는 쉬운 방법 ?? 특히 TMoney 카드가있는 경우 더욱 신속합니다.",5
130,대구도시철도,2019-10,매우 편리하고 깨끗한 대구의 환승 시스템은 매우 저렴하고 편리합니다. 일부 전송이있는 여러 줄이 있습니다. 이 시스템은 현대적이고 매우 깨끗합니다.,5
131,대구도시철도,2019-04,대구에서 매우 편리하고 효율적인 지하철! 대구에 머무르는 동안 지하철을 여러 번 사용했습니다. 한국의 대부분의 지하철 시스템과 마찬가지로이 시스템을 사용하는 것은 절대적인 기쁨입니다.,5
132,대구도시철도,2019-04,빠르고 편리하게 편리하고 편리합니다! 물론 돈이 T 카드가 아니라면 비싸지 않습니다. 모든 도시 지역과 아주 잘 연결됩니다.,5
133,대구도시철도,2019-04,"빠르지 만 적용 범위가 부족합니다. 지하철은 주변을 돌아 다니기에 좋은 방법이지만, 도시의 대부분은 그것으로 덮히 지 않습니다. 시작 / 끝이 역 근처에 있다면, 나는이 비용 효율적인 방법을 권장합니다.",4
134,대구도시철도,2019-02,편리한 Metro는 알아 내기 쉽습니다. 가격은 훌륭합니다. 매우 편리합니다. 빨간 선은 매일 0545에서 2345 사이에 있습니다.,5
135,대구도시철도,2018-07,"더 많은 영어 간판을 주시기 바랍니다. 여기 주변에 상점을 가지고있는 것이 편리하지만 나는 잘못된 방법으로가는 에스컬레이터로가는 여러 가지 경보를 발령 한 것으로 생각합니다. 그렇지 않으면, 그것은 매우 교육적이었고 즐거운 것은 지하철로 주위에 도착했다.",4
136,대구도시철도,2018-10,쉬운 탐색 차나 택시로 지하철을 선택 하시겠습니까? 네이버 맵 앱과 결합하면 주위를 돌아 다니는 바람입니다.,4
137,대구도시철도,2018-10,t-money 탑업 기계 없음 나는 서울에서 t - money 카드를 샀고 대구 역 지하철의 자동 판매기는 그 아이디어를 좋아하지 않았다.,2
138,대구도시철도,2017-09,"가는 길에 회의 하지만 이 도시 철도 지하철역을 호출하지 않습니다. 이유는 나중에. 위에 노출된 부분의 길에는 라인이 아주 좋아 보이고. 그들은 모든 선의 연결 대구 시 3 수 있습니다.
서울에서 간다면, 도시, 같은 지하철도 사용할 수 있습니다.",4
139,김광석 길,2015-07,생각보다 볼게 없음. 시시한 벽화 몇 개 있는 것 말고는 크게 볼거리가 없습니다. 기대를 버리고 가시기를.. 꼭 가볼만한 관광명소는 아닌 것 같아요.,3
140,김광석 길,2015-08,대구의 골목길 투어중에 들러는곳 고 김광석의 주옥같은 노래와 인생을 다시 느끼고 싶은 관광객이라면 수성교옆에 있는 방천시장의 김광석길을 가보길 추천한다. 골목은 걸어서 휙 지나면 채 10분도 걸리지 않는 짧은 길이지만 진정으로 김광석을 좋아하시는 분이라면 천천히 음미하면서 걸어보는것이 아주 좋은 추억이 될듯...입구에 작은 동상이 있어서 포토존으로 좋고 주변에 시장 과 현대식 카페들도 있어 여러가지 음식들을 드시기도 좋다.,5
141,김광석 길,2015-03,"한국의 커트코베인, 김광석을 기리는 길 김광석은 90년대를 대표하는 포크 가수이다. 독일 함부르크에 비틀즈 광장이 있고, 영국에서도 비틀즈의 앨범 표지를 찍은 에비 로드처럼 문화를 대표하는 관광명소로 자리잡은 곳이다. 그를 기리는 수 많은 밴드들의 버스킹 공연을 볼 수 있어서 거리를 더욱 풍성하게 만들어주며, 이 곳의 카페들 또한 쉬어가는 분위기를 도와주며, 옆의 방천시장은 허기진 이들에게 먹거리를 제공해준다.",4
142,김광석 길,2015-08,김광석 길! 요새 엄청 뜨고있는 대구의 핫플레이스 대구의 핫 플레이스! 김광석 길~ 근처에 봉리단길이 형성되었다... 과거에는 김광석 길만 있었는데 이젠 까페들이 즐비한 공간!,5
143,김광석 길,2018-12,존 덴버처럼 유명한 가수를 기념하기위한 거리. 한국의 인기 가수 김광석은 대구에서 태어 났지만 주로 서울에서 자랐다. 그러나 대구시는 자신의 이름을 따서 기념하기 위해 김광석 거리를 만들었다. 그는 John Denver와 같은 자신을 위해 어쿠스틱 기타를 연주하는 민요 가수였습니다. 그의 예술적 가치와 인기는 John Denver와 비슷합니다. 슬픈 죽음도 마찬가지입니다. 그는 자살했다.,3
144,김광석 길,2019-11,"유명한 가수 경북 대구에서 태어난 80 ~ 90 번째 한국 유명 가수 김광석 중 한 명. 이 도시는 대구에서 유명한 여행 중 하나 인 그의 이름 거리를지었습니다. 젊은 예술가, 가수, 화가 및 댄서는 주말에 공연합니다. 당신은보고, 먹고 마시는 등을 즐길 수 있습니다",4
145,김광석 길,2016-11,흥미 거리. 내가 해당 노래가 전용 한국 스타 들 자살 로 전환. 여러 좋은 디스플레이 과 커피가 있었다. 또한 주변에 많은 식당들. 시원한 여름 저녁 을 보내는 좋은 방법.,4
146,김광석 길,2017-06,좋은 시간 재밌는 사진이 좋은 곳에서 커피를 마시고 있는 귀여운 카페. 모두가 더 좋은 동맹 에 있다.,3
147,대구도시철도,2017-05,좋은 단순한 무엇을 말할 수 있다? 깨끗하고. 효율적인. 시간. 안전한. 한국은 세계 안 합니다.,5
148,대구도시철도,2017-04,"그냥 쉽게 하고 메트로 역이 아주 dedpite 모르는 소리도 한국인, 대중 교통이 우수합니다. 대부분의 정보가 영문, 정말 사용하기",5
149,대구도시철도,2017-03,"훌륭한 시스템 시스템 아주 효율적이고 깨끗 합니다. 직원들은 매우 도움이 되었습니다. 깨끗하고, 편안한 여행. 매우 정중하고 자리를 제안할 것입니다 commuters. 멋진 곳이 많고 간판 하나 구입 로드를 타고 wan 및 가공 패스 또는 카드 지하철, 버스 또는 트램을 타 "" c "" 대괄호),.",5
150,대구도시철도,2017-03,"멋진, 깨끗한 시스템 대구의 대중 교통은 시스템이 최고입니다. 잘 표시, 효율적으로, 그리고 시내를 이동하기 좋은 방법입니다. 전체를 훨씬 쉽게 해",5
151,대구도시철도,2017-03,"간편한 사용 깨끗하고, 싼 가격 지하철은 매우 쉽게, 하고 6 시간 늦는 것, 저렴, 깨끗하고 안전한 곳이 도시에 갈 수 있습니다. 전체적으로 아주 좋은 일반적으로 1000 개 보다 더 좋은 차.",4
152,대구도시철도,2017-03,대구 역과 모노레일. 저는 지하철. 사용하기 좋습니다. 이 모노레일 을 이용하여. 대구에서 쉽게 액세스할 수 있습니다. 흑백 또는 지하철을 타고 주차장 점 찾기 시간을 절약할 수 있습니다.,4
153,대구도시철도,2016-03,"깨끗하고 편리한, 더 많은 줄을 필요합니다. 대구에서 여행하기에 최고 속도는 거리가 막혀. 주차 검색할 수 없습니다. 깨끗하고 편리 합니다.",5
154,대구도시철도,2017-01,"저렴한 가격, 믿을 수 있고 쉽게! 대구 지하철 역이 3 가지의 간단한 줄 - 빨간색, 녹색 및 황색. 한국어와 영어가 표시 정거자 수 있는 명확한 간 전송 대괄호),.

지하철은 잘 - 유지 관리, 신뢰할 수 있는 저렴한 비용으로 항상 지키는 기차 - 대구 교통 카드를 구입해서 선택합니다. 따라서 신용 카드를 충전하고 돈을 내고 지하철, 택시나 버스 commutes.",5
155,대구도시철도,2016-12,아주 쉽게 도시 주변을 빠르고 편리한 방법. 교통 카드 구입을 강력 추천합니다 - 대구 지하철 및 버스 카드가 작동합니다. 수많은 상점과 다양한 많은 상품을 팔 수 있었다.,5
156,대구도시철도,2016-12,"대중 교통을 이용하는 훌륭한 예 이 오른쪽 완료. 대구 두 개의 지하철 노선, 그리고 "" 줄 세 "" 의 실제 모습은 위에 새롭게 문을 연 - 지상 모노레일. 한국에서 살고 있는 중에 하나가 좋은 저렴한 가격에 높은 품질의 대중 교통 수단, 지하철 및 대구 호텔도 예외는 아니다. 빠르고 편리한 건지 어느 곳으로 이동을 합니다. 그렇지 않은 경우, 버스도 택시도 대구에서 저렴한 가격에 깨끗하고.",5
157,김광석 길,2017-03,정말 멋진 정말 멋진 거리. 한 무리의 상점과 벽화. 걸어 다니며 풍경을 즐길 수 있는 좋은 자리. 제가 갔을 때에는 뮤지컬 수행자가. 그는 정말 좋았습니다.,5
158,김광석 길,2017-03,"멋진 곳을 한 시간 이상 많은 작품이 전용 메모리
사진 촬영 이 한 경우 selfie
작은 가게들은 활동에 재미가 부족
이 버스에서 내려 가는 용",4
159,김광석 길,2016-07,"한국을 경험하고 싶어 80s 90s? 한국을 느낄 수 있는 80s 90s 입니다. 짧은 골목길이 군인이 된 사랑 한국 가수, kim gwangseok. 많은 좋은 레스토랑, 커피 숍과 기념품 가게들.

여기에 dts 에서 이 쉽습니다.

김광석 다시그리기길. 한국이 사랑하는 가수김광석이 태어난 시장근처로 김광석지시리기길이 조성되었다. 표지판이잘되잇어 대구지하철에서 내려찾아가기쉽다.

주변 카페, 식당촌 조성되어있다. 연인 친구끼리 가볍게 방문하기좋다.",4
160,김광석 길,2015-10,아주 예쁜 너무 예쁘고 낭만적인 거리! 하지만. 한국 음악을 듣지 않을 수 있지만 이해할 수 있는 거리에 있어서 음악 사랑과 축복받은 곳이었다. 이 있습니다. 나는 배운 게 더 bbupki. 자신이 방문할 수 있어서.,5
161,김광석 길,2014-08,"만약 작은 여분의 시간 도로는 좁은 빨간색 벽돌 킴 광호 본부장, 벽화 골목 거의 70 작품 전용 가수, 김 본부장 바보, 인기 가수 중에는 80년대 90년대 살 말고 가서 이 지역까지 5 었다. 가는 커피숍과 bangcheon 시장, 전통 시장, 근처. 넌 여기까지 경북 대학교 병원 역 녹색 지하철.

우리는 몇 시간 전에 왼쪽에서 출발하기 전에 이 곳을 추천 게스트하우스 직원들은 대구. 의 편리함을 사진을 찍었습니다. 이곳은 또한 훌륭한 모든 팬을 킴 쾅 본부장.

(전화 번호 잘못)",4
162,대구도시철도,2016-10,"간편한 사용 대구에서 기차 시스템이 아주 저렴한 가격에 달러당 사용 및 사용하고. 그는 계단, 엘리베이터와 에스컬레이터와 때로는 다른 곳에 가서, 그렇게 선헤엄을 신중하게. 세가지 라인 기차 변경할 수 있습니다. 그리고, 근처에 많은 편의 가 있는 시장.",5
163,대구도시철도,2016-02,이 지하철 역 유명한 지하철 역이 만드는 치명적인 화재. 연결된 지하 쇼핑몰. 할 수 있는 영화관이 이 krem 의 길건 crème. 즐길 수 있는.,1
164,대구도시철도,2016-02,"정말 멋진 쇼핑 몰 이 2개의 지하철 역이 교차, 수도는 거대한 지하 쇼핑몰! 1층은 주로 보석, 옷, 하는 - 장식품 을, 그리고 작은 2층은 음식이 대부분. 주변에 걸어서 볼 수 있게 하는 한, 하지만 그들은 다른 곳에 한국의 판매 매우 유사합니다. 정말 마음에 드는 어떻게 지하, 하지만, 지상에 있는 공간을 절약할 수 있기 때문에! 잠시 들러 보면 근처에 있는 역. :)",4
165,대구도시철도,2015-12,한국의 지하철이 제일 나는 항상 한국의 지하철 역을 편리하고 빠른! 또한 쇼핑과 같은 지하철. 저렴한 가격이 좀 독특하고!,5
166,대구도시철도,2015-10,거대한 영역 두 역은 지하철 노선과 접합 의 많은 가게와 작은 레스토랑을 제공합니다. 익숙하지 않은 사람이 어려운 경우.,3
167,대구도시철도,2015-04,"배운 교훈을! 조직, 이해하기 쉽게, 깨끗하고, 제 시간에! 몇 가지의 단어 설명이 역을 완전히 차종절환지그장치에! 또한, 지하, 작은 상점과 음식점이 많이 있습니다. 뜨거운 와플을 할 수 있다면! 하고 있습니다. 나는 한 많은 사람들이 앉아 보고! 지금까지 최고의 시간! 잘 알고 있었다! 살아있는 배우!",4
168,대구도시철도,2014-08,이 stop 시내 이곳에서 할 수 있다. 그들은 일반적으로 제공되는 훌륭한 와플 에 지하철 역 몇 가지지 형태의 엔터테인먼트 휴일 동안.,5
169,대구도시철도,2014-11,주위 방법 많은 읽기 쉬운 표시 및 종료... 이해하기 쉽고 설명하기 켜거나 중지합니다. 쇼핑도 아주 가까운 출장이 거의 매주를 중요.,4
170,대구도시철도,2014-11,"간편한 탐색 지하철은, 간편한 사용, 깨끗하고 효율적. 이 역은 시내 쇼핑 지역에 위치. 고급 상점이 그냥 동남 에서. 북동쪽 이 멋진 쇼핑 지역과 야외 내마모웨어 거리, 초침 재래 시장도 많아 전체의 좁은 골목을 판매. 반면 물건 않을 수도 있는, 분위기는. 또한 봉제어능 체크 아웃이 좀 더 많은 식당과 바 에서 동남. 맵이라는""를 대구 최대! 동성로 거리를 방법"" 이 커버 전체 지역. 나는 하나의 호텔, 하지만 그들은 아마도 수 많은 정보는 영역. 긴 골목 의 지하 쇼핑과 카페 수도! 없이 취급하거나 교통 가류촉진제로.",4
171,수성못,2019-10,"산책하기 좋은 호수 대구에서 다소 외곽에 있지만, 주변에 식당과 카페가 즐비한 곳입니다. 식사 후에 산책하기 아주 좋으며, 지역주민, 관광객이 뒤 섞여 여가를 즐기는 모습이 여타 유원지와는 다소 다릅니다.

밤에도 조명을 켜 밝아 늦은시간까지도 주변을 산책하는데에 큰 지장이 없습니다. 대구를 처음온 분들 보다는 여러번 방문 해본 분께 더 추천드리는 관광지입니다.",4
172,수성못,2019-09,산책하기 좋은 수성못 둘레가 2km 정도 되어서 한바퀴 부담없이 산책하기 좋아요. 주변에 카페나 먹을 곳도 많아요. 주변 상가가 많다보니 저녁에도 타 호수공원보다 밝은 느낌. 다만 주차 때문에 스트레스 받을 수 있어요.,5
173,수성못,2019-03,"수성못 수성못가면 야구치거나 풍선터트리기 풍선총맞추기
바이킹 등등
요즘엔 길거리 버스킹하는사람들도 있고 할꺼없을때 들리기 좋아요",4
174,수성못,2019-08,"아름다운 대구의밤 낮에도좋지만 밤에 특히 좋아요
주변에 맛있는식당도 많고, 산책하기도 좋으며,
사격이나 야구 등 간단히 즐길거리도 있어요
오리배 타는것도 좋았습니다.
주차하기는 좀 힘들어요 참고하세요ㅎㅎ
사격은 기본3천원. 오리배는 2인15000원입니다.",4
175,수성못,2018-09,임금이 나올 자리라해서 못을 만들었다는 수성못 여름밤에 산책하면 시원하고 편안한 느낌이다. 전설에 의하면 그 장소가 임금이 나올 명당자리라는 풍문에 아예 못을 팠다는 이야기가 내려오는 곳인데 수성못이 있음으로 주변의 집값은 비싸진것은 알만하다. 연인들은 오리배를 타고 더위를 식혀도 좋을듯 .,4
176,수성못,2019-06,차분함 밤에 이곳을 방문겸 산책을 했는데 강물이 매우 잔잔해 차분하다는 느낌을 받았으며 건너편 건물들의 빛도 과하지 않게 비추어 한여름 밤의 풍경이었다,4
177,수성못,2019-01,산책하기 좋은 수성못 미세먼지가 없는 맑은 날 가면 좋은 수성못! 곳곳에 바스킹 또는 마술공연 같은 이벤트들이 있어서 심심하지 않고 오리배타면 엄청 재미있어요. 비록 다리가 무지무지 아프지만 ㅎ 오리배는 한번정도는 추억으로 탈 만한것 같아요,4
178,수성못,2018-04,"주차 = 헬 2~3년에 한번 정도 가보는 듯 한데 갈때 마다 느끼지만 주차가 헬임.
놀이공원 시설은 좀 오래된편이라 그렇고 못 주변으로 돌면서 산책하기 좋은곳임.
벚꽃 시즌엔 벚나무가 많아서 예쁜곳.
못 보다는 주변 음식점때문에 가게되는곳이라 생각함.",3
179,수성못,2018-05,"예뻐요 무슨 연못이 이렇게나 클까요?
아주 넓고 사람도 많고 5월이라는 날씨는 걷기에 참 좋았어요. 저는 걷는 것을 좋아해서 더욱이 좋았습니다. 오리배를 탈 수 있는 곳도 있었어요",5
180,수성못,2018-07,조금 더웠지만 데이트하기 좋아요 여자친구랑 데이트하러 갔는데 조금 더웠지만 이쁘네요 산책도 하고 돗자리피고 구경하기 좋았어요 가을에 한번더 오고 싶네요,4
181,수성못,2018-06,"ㄱㄱ 데이트하기좋아요
다만여름이라 벌레가많아요

주위밥집도많고 음식점도 많고 카페도 많아요

담엔 오리배고고싱ㅋㅋㅋ",5
182,수성못,2018-04,"산책하기 정말 좋은 곳입니다. 멀리서 일부러라도 오기 좋아요.
강아지들 놀 수 있는곳도 많고, 산책로 넓고 길어서 좋고,
농구장도 꽤 있는데 혼자 가서 껴 달라고 해도 놀 수 있고
여러가지로 쉬기 좋은 곳입니다.
주변 카페도 많고, 먹을곳도 많고, 이런게 집 앞에 있었으면 얼마나 좋을까요.",5
183,수성못,2017-12,"산책하기에도 좋고 다양한 페스티벌도 개최하는 곳 이번에 커피 페스티벌이 있었어요
수성못은 늘 다양한 축제들을 많이 해서 구경하러 가기에도 좋아요. 그 외에는 주변에 카페와 맛집들이 있어서 밥먹고 차마시고 산책하기에도 좋은 곳 !!",4
184,수성못,2017-08,수성못 좋아요~~~ 주말에는 사람과 차가 너~무 많아서 별로고 평일이 좋은 것 같습니다! 맛있는 식당도 많고 좋은 카페도 많습니다. 날씨좋을 때 한바퀴 슉 산책하듯이 돌기 좋은 장소입니다.,5
185,수성못,2017-06,산책하기 좋은곳 주변에 예쁜 카페와 음식점도 많아 커피한잔이나 식사를 할겸 가보면 좋은 곳 입니다. 산책하기 좋습니다,5
186,수성못,2017-07,"대구에서 아마도 제일 큰 못이 아닐까 싶다. 일제 강점기때 사람들의 손으로 만든 인공 못으로 알고 있다.
90년대 초까지만 해도 흥했었던 걸로 기억을 하나(인근 수성랜드 포함)
어느순간부터 산책로 외의 용도로는 팍 죽어 버렸던 걸로 기억을 한다.
최근에는 활성화 되어 주말에는 사람이 꽤 많은 편이다.
인근에 음식점들도 많다.
오리배를 탈 수도 있다.
천둥 오리도 구경을 할 수가 있다.
요즘은 뜸한데 버스킹 팀들도 드문드문 있었다, 허가를 받고 할 수 있는걸로
바뀐 후로는 젊은 사람들의 버스킹을 보기가 힘들다.
산책하기 좋은 곳이다, 데이트 코스로도 나쁘지 않다.",3
187,수성못,2017-07,"산책하기 좋고 많은 식당 및 카페가 있는곳 대구에서 아주 핫한 장소로 수많은 카페, 식당 및 산책하기 좋은 못. 그리고 오리 보트도 있으며 조그만한 놀이동산도 있어 데이트 하기 좋은곳.",4
188,수성못,2017-05,"정말 넓어서 휴식하기 좋아요 정말 넓어서 휴식하기 좋아요.
도심 속 휴식공간으로 딱 좋더라구요.
오리배도 탈 수 있고 산책하기에도 좋구요.",3
189,수성못,2017-02,"아침이나 저녁에 방문해야 겠어요 그리고 날이 따뜻할떄 와야 겠네요. 겨울엔 너무 추워요 ㅜㅜ
봄가을 새벽녘에 안개낀 수성못을 보면 예쁠것 같아요",4
190,수성못,2016-10,"사람이 많아요 산책하기 좋고 맛있는 카페나 음식점도 많습니다.하지만 주말에 사람이 너무 많습니다.
그래도 한번 가보시길 추천합니다.즐거운 여행 되세요",3
191,수성못,2016-04,"운동하기에도 굳, 데이트하기에도 굳 수성못 주변으로 많은 커피숍들과 레스토랑이 들어서 있어 이곳을 찾는 사람들이 지속적으로 늘어나고 있다. 시민들의 편의를 위해 수성못 주변으로 트래킹 코스를 마련하여 저녁시간이면 많은 사람들이 운동하러 나온다. 맛있는 음식을 먹고 난 후 산책을 하며 사랑을 싹틔우기도 좋다.",5
192,수성못,2015-12,"주민의 의견 경치는 많이 좋아졌습니다.
많은 새들을 구경할 수 있고 구경거리도 많지요.
근처도 많이 깨끗해졌고(이건 주변 음식점이 횟집 위주가 아닌 카페 위주로 변해서 그렇습니다)요.
아이 데리고 산책하기도 좋아졌습니다.

- 자전거, 스쿠터, 전동휠이 무분별하게 다닙니다. 산책로 맞나요?
헬멧도 주지 않고 대여하는 상인들이 너무 많습니다.

- 겨울엔 매우 춥습니다. 바람이 많이 불어서...

- 비가 오면 흙탕물이 돼서 산책하기가 좀 불편합니다. 모래를 1~2년마다 바꾸긴 하는데 더 나은 방법은 없을까 싶네요.

- 자가용을 가져오시는 만용은 저지르시면 안 됩니다. 특히 여름엔... 도시철도로 오세요 :)",3
193,수성못,2016-10,"걷고싶고, 그래서 행복감이 느껴지는 공간입니다... 일제강점기 1915년 대구에 정착한 일본인 개척농부 미즈사키 린타로가 화훼농장을 운영하며 살고 있었는데 농업용수가 부족해지면서 조선인 4명과 함께 수성수리조합(壽城水利組合)을 설립하고 자신의 사재와 조선총독부의 지원금으로 수성못을 축조한 것이 오늘에 이르렀다고 합니다. 주변에 볼거리, 먹거리, 놀거리가 적절하게 위치하고 있고, 수성못에서 바라보이는 풍광도 자연과 도시가 조화롭게 펼쳐지는 곳이라 산책하기에 참 재미가있네요... 혼자 오거나, 연인과 오거나, 가족과 오더라도 그 요구를 모두 들어주는 곳이라 앞으로 더욱 발전하고 유명한 핫플레이스가 될 거라는 생각이 듭니다.",5
194,수성못,2016-06,"대구의 핫플레이스 예전에는 어둡고 칙칙했지만 요즘은 갈때마다 아름다운 조명과 곳곳에서 울려퍼지는 버스킹과 운동, 산책, 데이트 나온 사람들이 어우러져 언제가도 좋은 핫플레이스 입니다.",5
195,수성못,2015-12,"산책하기 좋아요. 동대구역과는 좀 떨어져있지만 한번쯤 들릴만해요.
주변에 맛집도 많고 커피샵도 많고
조용히 산책하기 좋습니다.",4
196,수성못,2016-09,"아이와 함께 산책을 꽃 피는 봄, 무더운 여름, 서늘한 가을 언제라도 산책하기 좋은 곳
많은 사람들이 운동, 산책, 데이트를 하는 수성구민의 휴식처
주위에 식당, 카페가 많아 하루 종일 있어도 지루하지 않는 곳
다만 주차하기는 어려움.",5
197,수성못,2016-04,"대구수성구 시민의 휴식처 약 2KM둘래의 수성못은 대구시민의 휴식처로 가벼운 산책과 놀이 문화를 즐길수가 있다. 분수쇼와 오리배를 타고 수성못안을 체험 할 수 있고, 수성랜드에서 놀이기구를 타기도하고, 산책과 조강을 할 수 있는 길이 잘되어 있으며, 수성못 주위에는 많은 차집과 식당들이 즐비하다~",5
198,수성못,2016-03,"수성못 대구시의 조경 계획에 따라서 새롭게 시민들의 휴식터로 꾸며진 공간이다.
처음 조성되었을 당시에는 버스킹 팀들이 공연을 자주 했었으나, 지금은 거의 없어졌고,
고기집이나 카페점들이 즐비하다.",4
199,수성못,2019-06,"인공 평방 호수입니다. 그것이 거기에 도착하기에는 너무 멀면가는 가치가 없습니다. 모든 나무와 거리를 가로 지르는 커피 숍으로 멋지게 보이는 호수 한 면만 있지만, 그게 전부입니다. 호수 그 자체는 인공의 것입니다. 흥미 진진한 것은 없습니다.",2
200,수성못,2018-04,"봄 벚꽃 및 일몰 호수의 풍경이 끝내줍니다. , 잊지 못할 순간이었습니다. , 주변에 커피숍과 레스토랑이 많고",4
201,수성못,2017-03,"산책을 하고 필요한 얘기가 있어서 이 조용한 곳에 앉아 있거나
바쁜 때 를 천천히 산책하는 호수를 갔다. 학 개미 의 끝과 중첩하는 다른 놀이 공원
할 수 있는 무대 라고 할 수 있을 수 있는 라이브 음악 공연 cheesey 패들 보트
많은 커피샵과 매우 가까운 곳
이 버스에서 내려 가는 용",3
202,수성못,2017-02,"호수를 방문 정말 멋진 시간을 보낼 기회와 가족들. 걸어서 갈 수 있는 한 레스토랑, 커피샵.",5
203,수성못,2016-12,"항상 뭔가 일어나고 제가 살고 있는 근처에 있는 호수 를 자주 방문. 저는 항상 새로운 이벤트가 있습니다. 아이들을 위한 활동 그 자체가 어른들이 쉴 수 있는 좋은 장소 입니다. 대구에 살고 있는 미국인들이 매우 중요합니다. 우리는 종종 원하는 게 있고, 오른쪽 이 호수가 있습니다. 우리는 이곳을 사랑합니다!",5
204,수성못,2016-09,좋은 지역 아주 진정. 좋은 운동을 하거나 사이트를 참조하십시오. 많은 레스토랑들이 근처에 아이들과 카니발. 행은 넓은 아파트는 보트가 강과 호수와 산의 멋진 전망.,4
205,수성못,2016-09,"가을 2016 아름다운, 잘 관리된 정원. 나무 그늘 아래에 앉아서 좋은 점. 오리, 거북이와 물고기들을 볼 수 있는. 조금만 걸으면 되는 좋은 산책로. 길을 건널 수 있는 카페와 레스토랑이 다.",4
206,대구제일교회,2019-10,"그냥 교회 의미없는 사람에게는 이곳이 므슨 의미가 있을 까 싶습니다.....
그냥 교회입니다.... 근대골목안에 위치하고 역사적 의미가 있지만 저에겐 그냥 그랬던 장소입니다.......",3
207,대구제일교회,2019-04,"대구 경북의 첫 교회 제목 그대로 대구 경북에 세워진 첫 개신교회.
지금은 박물관으로 사용되어지고 있음.
빨간 벽돌에 두개의 첨탑. 모르고 보면 그냥 옛 건물이지만 알면 오랜 새월을 버텨온 역사 깊은 건물임.",5
208,대구제일교회,2019-03,"역사를 공부할 수 있는 곳 근대화거리 코스 중 한 곳으로 개화기, 일제강점기의 역사를 알 수 있는 곳입니다. 올해 방문하기 적절한 곳이네요. 안에 계시는 분께서 설명도 상세히 친절하게 해주십니다.",5
209,대구제일교회,2018-06,"그냥 교회있는데 역사가 있어 좋음 그냥 교회있는데 역사가 있어 좋음
역사에 대해서 배울 수 있고 교회가 아담한듯 예뻐서 구경하기 좋아요.
그리고 사진찍기 좋아요",4
210,대구제일교회,2017-04,"대구에서 제일 큰 교회라지요 고등학생때 학교에서 다같이 간 기억이있어요
대구에서 제일큰 교회라고 들었는대
밤에가면 조명때문에 더 이뻤었던거 같아요",4
211,대구제일교회,2019-06,멋진 건축 그것은 꽤 보존되었던 건물이다. 그러나 불행하게도 우리가 구경했을 때 장소는 닫혔다. 그것은 전통 의학 박물관 근처에 위치하고 있으므로 지역의 경우에 의해 팝업 수 있습니다.,4
212,대구제일교회,2018-05,도시의 역사에 대한 식견을 교회 주변에는 초기 출발을 관련된 사람들은 대한 역사의 많은. 잘 보존되어 있다고 간 일 빌드.,4
213,국채보상운동기념공원,2020-05,"도심 속 쉼터 차, 건물로 가득한 곳에 푸른 빛을 볼 수 있는 쉼터.
각종 행사, 집회도 많이 함.
연말에 루미나리에 설치하여 밤에 오면 예쁨.
나무, 벤치 많아 쉬기 좋음.",5
214,국채보상운동기념공원,2019-08,"국채보상운동기념공원 대구광역시청 인근에 있는
국채보상운동기념공원이예요
1907년 국채보상운동은 대구에서 시작한
애국운동이예요

국채보상운동의 뜻을 광복절을 맞이하여
가보았어요",5
215,국채보상운동기념공원,2018-11,대구의 중심 시내에 놀러갈때 지하주차장에 자주 대곤 하는데... 도심 한가운데 있으면서 이렇게 여유로운곳도 잘 없죠.. 밤에는 또 얼마나 이쁘게요~,5
216,국채보상운동기념공원,2017-12,"12월31일에 대구에서 가장 붐비는 곳. 대구 시청 근처에 위치한 국채보상운동기념공원.
산책로도 있지만, 광장 같은 공간이 있어 여러 행사를 진행하기도 한다. 12월 31일의 타종 행사로 인해 아마 그날 대구에서 가장 붐비는 곳일듯.",4
217,국채보상운동기념공원,2017-06,"2.28공원과 함께 더불어 좋은 산책길 대구의 자존심, 유네스코 등록까지 된 대한민국의 민족정신 따봉입니다요~ 대구만세, 대한민국 만만세",5
218,국채보상운동기념공원,2017-11,"대구 중심가의 쉴수 잇는 공원입니다 대구 중앙로의 복잡함을 잠시나마 벗어 나서 쉴 수있는 공간입니다
대구 법원 과 중아 도서관으로 사용 되던 건물을 헐고 시민의 휴식공간인 녹지를 만들어서
대구시 중심가의 오아시스가 되었습니다",4
219,국채보상운동기념공원,2017-04,"대구 시내! 대구시내 인근에 있어서 근처에 갈때는 한번씩 들려요!
산책도 하고 군것질거리도 사들구 가서 먹고~",2
220,국채보상운동기념공원,2017-02,조용하고 한적한 곳 시끌벅적한 도심 속에 자리잡은 작지만 역사적 의미가 넘치는 국체보상공원. 공원 여기저기 사람들이 편하게 쉬면서 한가로이 주말을 즐기는 모습이 인상적이었음.,4
221,국채보상운동기념공원,2017-07,"시내에서 산책하기 좋은 곳? 옆에 228공원 보다는 크다.
볼거리는 없다, 활성화 시키려는지 최근에는 주말마다 무슨 행사를 하는 것 같다.
옆에 경대 병원 인근에 밥집이 많다.
제야의 종 행사때에 타종을 친다는 것 말고는(요즘도 치나?) 모르겠다.",3
222,국채보상운동기념공원,2017-07,"역사적 기념공원임과 동시에 대구시에 각종행사와 이벤트들이 여기서 많이 열린다. 국채보상공기념공원은 역사적 기념 장소이며, 과거 대구여고의 자리였다. 도심한가운데 편안한 휴식처이며, 대구시에서 각종 이벤트와 행사가 주말마다 열린다. 동성로쇼핑을 즐기고 잠시 한가하게 여유를 찾으려면 이곳을 추천한다. 또한 국채보상운동기념관에서는 체험도 함께 할 수 있어서 가족들과 즐기기에 좋은곳이다. 근처에 유명한 커피1번가. 스타벅스 등의 맛있는 로컬카페와 브랜드 카페도 함께 하고 있다. 하나더 붙이면 한국은행 1층에도 박물관이 있어 관련된 자료를 공부하기에 좋다.",4
223,국채보상운동기념공원,2017-03,홍매화 보러 다녀왔어요 드디어 찾아온 봄... 뜻깊은 국채보상공원에서 봄의 시작을 알리는 홍매화를 보고 왔어요 ... 봄을 느끼고 싶으신분들 국채보상공원으로 가보세요~~,5
224,국채보상운동기념공원,2016-07,"그냥 평범한 공원 겸 번화가 산책하기에는 좋아요 교통도 편리하고
근처에 먹을 곳도 많아서 대구 사람들의 데이트 코스입니다
그래도 여름 낮에는 어마어마하게 덥습니다
아 그냥 대구는 무조건 다 더운거같아",4
225,국채보상운동기념공원,2016-05,좋습니다. 도심속에서 역사적인 공간을 만날 수 있어서 좋습니다. 의미 있는 장소인 공원에서 산책을 하며 휴식을 취하기에도 좋습니다,4
226,국채보상운동기념공원,2016-05,공원도 좋지만 주변에 먹을게 많아서.. 중앙로 근처라 커피 마시면서 갔어요. 호젓하게.. 좋더라구요. 거기에 엽서 쓰는 곳도 있고 크지는 않았지만 저녁에 시원해서 좋았어요,4
227,국채보상운동기념공원,2016-05,공원 좋아요 ㅎ 국채보상로라는 큰길에 위치해있어서 접근성이 좋습니다. 동성로도 근처라서 동성로와 묶어서 놀기에 좋네요. 밤에는 조명도 나름 켜줘서 야경도 좋고 산책하기에 좋습니다.,4
228,국채보상운동기념공원,2016-04,"국채보상기념공원 대구시내에 위치핸 시민들을 위한 공원.
이 곳에서 처음 국채보상운동이 발발했기 때문에 기념하여 지은 명칭으로서, 이 곳에 국채보상운동기록 세계문화유산등재운동 본부가 있다.
벚꽃이 심어져 있어서, 봄에 특히 산책이 하기 좋다.",5
229,국채보상운동기념공원,2018-05,"국채 보상 운동 기념 공원. 국채 보상 운동 기념 공원.
내부에는 운동 기념관이 있습니다.
일본이 한국을 식민지로 만들기 위해 부채를 강탈 한 일본 통치 시대에 부채 보상 운동이 열렸습니다. . . 이 상황에서 서상돈은이 운동을 제안했다. 그 후 그것은 한국 전역에 퍼졌습니다. 비슷한 움직임이 최근 IMF 시대의 1996 년 한국에서 일어났습니다. 우리는 위기를 극복하기 위해 금 모임 (Gold Gathering) 운동을했습니다. . . 그래서 한국 역사에 대한 우연한 사고는 아닙니다. . . . 이 홀에서 볼 수 있습니다. . .",4
230,국채보상운동기념공원,2018-01,"섣달 그믐 날에 이곳이 될 곳입니다. 대구 시내 한복판에 위치한이 공원은 많은 콘서트가 열리는 곳으로 박물관도 있습니다. 새해 전야에 불꽃 놀이를 볼 수있는 장소가되고, 옛날 벨을 보내어 새해를 보내고 새로운 것을 환영합니다.",5
231,수성아쿠아수영장,2016-10,"초등학교 내 수영장입니다. 수성못에 대해서 리뷰 쓰신 분이 많은데, 수성아쿠아수영장은 수성초등학교 라는 학교 안에 잌ㅅ는 수영장입니다.
동네가 조용하고, 수영장 셔틀버스고 운행합니다.",5
232,수성아쿠아수영장,2015-10,대구에서 가볼만한 곳 아빠 어디가에서 정웅인네가 여기서 놀아서 조금 유명해졌고요. 오리배가 많이 있습니다. 여름엔 더워서 못탈 듯 하네요. 주변에 카페와 음식점이 굉장히 많아서 놀기 좋고요 밤에도 분위기 괜찮습니다. 주말 낮에 잘가면 버스킹도 많으니 이리저리 둘러보세요.,4
233,수성아쿠아수영장,2015-10,"수성 호수 호수가 너무 아름답고 놓치면 안 타고 오리 꼬추 호수. 하하하 호수 주변, 카니발 습니다? 또는 그런 것이라고. 좋은 곳을 방문할 때.",4
